Client_ID,Company_Name,Industry,Region,Company_Size,Annual_Revenue_Million,Growth_Rate_%,AI_Usage_Level,Email_Open_Rate_%,CRM_Score,PoC_Completed,AI_Score,PoC_Score,Growth_Score,Open_Rate_Score,CRM_Score_Norm,Lead_Score
379,Company_379,Healthcare,Latin America,4903,82.3,29.28,Yes,58.7,95,Yes,100,100,98.64355689525244,58.7,95,93.87338922381312
69,Company_69,Manufacturing,Europe,9360,481.25,29.25,Yes,16.8,92,Yes,100,100,98.5681989449887,16.8,92,88.24204973624717
443,Company_443,Retail,Europe,3207,126.8,23.79,Yes,58.4,75,Yes,100,100,84.85305199698568,58.4,75,87.88826299924642
139,Company_139,Healthcare,Latin America,6078,411.65,27.46,Yes,53.9,59,Yes,100,100,94.07184124591811,53.9,59,87.63046031147952
307,Company_307,Finance,North America,4616,258.74,28.61,Yes,81.8,24,Yes,100,100,96.9605626726953,81.8,24,87.46514066817382
289,Company_289,Retail,Latin America,872,19.55,25.17,Yes,79.6,38,Yes,100,100,88.31951770911832,79.6,38,86.77987942727958
125,Company_125,Finance,Europe,5458,87.36,25.93,Yes,67.6,38,Yes,100,100,90.22858578246672,67.6,38,85.75714644561668
253,Company_253,Manufacturing,Latin America,5133,86.18,21.3,Yes,56.3,72,Yes,100,100,78.59834212509419,56.3,72,85.68708553127354
23,Company_23,Manufacturing,Asia-Pacific,4374,494.65,17.03,Yes,59.2,82,Yes,100,100,67.87239387088671,59.2,82,84.61809846772167
84,Company_84,Technology,Europe,5518,126.42,10.27,Yes,78.6,95,Yes,100,100,50.89173574478774,78.6,95,84.42293393619694
287,Company_287,Manufacturing,Latin America,6662,259.43,16.86,Yes,77.0,60,Yes,100,100,67.44536548605879,77.0,60,83.9863413715147
322,Company_322,Healthcare,Latin America,3236,296.26,12.32,Yes,79.8,79,Yes,100,100,56.04119567947752,79.8,79,83.86029891986938
117,Company_117,Healthcare,North America,8439,420.86,28.29,Yes,13.5,64,Yes,100,100,96.1567445365486,13.5,64,83.72668613413715
399,Company_399,Manufacturing,Latin America,9180,177.54,19.89,Yes,61.5,38,Yes,100,100,75.05651846269782,61.5,38,81.20162961567445
130,Company_130,Technology,North America,2254,41.97,16.65,Yes,79.6,36,Yes,100,100,66.9178598342125,79.6,36,81.17946495855313
219,Company_219,Finance,Europe,6025,389.02,23.01,Partial,89.6,86,Yes,60,100,82.89374529012811,89.6,86,80.67343632253203
240,Company_240,Technology,North America,1001,152.92,29.66,Yes,38.6,5,Yes,100,100,99.59809093192663,38.6,5,80.34952273298165
190,Company_190,Retail,Latin America,4071,305.62,15.17,Yes,85.5,24,Yes,100,100,63.20020095453403,85.5,24,79.4875502386335
112,Company_112,Retail,Europe,4083,410.25,22.75,Yes,8.7,62,Yes,100,100,82.24064305450892,8.7,62,79.39766076362723
168,Company_168,Retail,Asia-Pacific,4501,374.19,16.23,Yes,62.1,37,Yes,100,100,65.86284853051997,62.1,37,78.85321213262999
290,Company_290,Manufacturing,Asia-Pacific,993,200.78,0.34,Yes,87.8,87,Yes,100,100,25.948254207485554,87.8,87,78.33706355187138
75,Company_75,Technology,North America,3580,260.46,19.49,Yes,62.5,16,Yes,100,100,74.05174579251444,62.5,16,78.32543644812861
133,Company_133,Manufacturing,Europe,2386,339.65,10.24,Yes,69.8,55,Yes,100,100,50.816377794523994,69.8,55,78.30409444863099
418,Company_418,Healthcare,Europe,3690,151.95,7.41,Yes,52.5,86,Yes,100,100,43.70761115297663,52.5,86,78.23940278824415
239,Company_239,Technology,Asia-Pacific,8108,308.41,8.48,Yes,64.4,65,Yes,100,100,46.39537804571715,64.4,65,77.77384451142929
25,Company_25,Finance,Asia-Pacific,5392,37.17,7.83,Yes,44.4,88,Yes,100,100,44.76262245666918,44.4,88,77.7406556141673
485,Company_485,Finance,Latin America,595,265.62,14.52,Yes,11.3,87,Yes,100,100,61.56744536548605,11.3,87,77.6793613413715
78,Company_78,Manufacturing,Europe,8212,332.75,16.86,Yes,45.4,41,Yes,100,100,67.44536548605879,45.4,41,77.6613413715147
96,Company_96,Retail,Asia-Pacific,4277,440.14,27.7,Partial,78.9,49,Yes,60,100,94.67470484802813,78.9,49,77.65617621200703
497,Company_497,Retail,Asia-Pacific,7119,280.54,21.48,Yes,41.6,20,Yes,100,100,79.05048982667671,41.6,20,77.46262245666918
132,Company_132,Technology,North America,1000,495.12,9.13,Yes,38.8,81,Yes,100,100,48.02813363476513,38.8,81,76.98203340869128
218,Company_218,Manufacturing,North America,3622,176.28,21.25,Yes,16.6,41,Yes,100,100,78.47274554132127,16.6,41,76.81818638533032
33,Company_33,Manufacturing,Asia-Pacific,2601,23.18,20.9,Yes,39.1,20,Yes,100,100,77.59356945491082,39.1,20,76.78589236372771
469,Company_469,Finance,Asia-Pacific,8030,202.95,2.35,Yes,56.1,95,Yes,100,100,30.997236875156993,56.1,95,76.63680921878925
123,Company_123,Technology,North America,5792,386.57,14.25,Yes,85.7,5,Yes,100,100,60.88922381311228,85.7,5,76.55980595327807
324,Company_324,Finance,Europe,2649,201.35,19.67,Yes,13.1,50,Yes,100,100,74.50389349409696,13.1,50,76.51347337352425
94,Company_94,Retail,Latin America,127,480.85,23.01,Partial,66.2,74,Yes,60,100,82.89374529012811,66.2,74,76.24843632253203
458,Company_458,Retail,Asia-Pacific,3092,242.2,25.29,Partial,33.3,95,Yes,60,100,88.62094951017332,33.3,95,76.19273737754332
109,Company_109,Retail,North America,2762,62.34,18.86,Yes,44.8,18,Yes,100,100,72.46922883697563,44.8,18,75.9673072092439
172,Company_172,Finance,Europe,3227,283.56,6.19,Yes,50.1,73,Yes,100,100,40.64305450891735,50.1,73,75.54826362722933
483,Company_483,Healthcare,Europe,8980,408.8,21.67,Yes,22.4,22,Yes,100,100,79.52775684501383,22.4,22,75.43193921125345
337,Company_337,Finance,Europe,7031,182.83,10.97,Yes,51.5,45,Yes,100,100,52.650087917608644,51.5,45,75.22502197940216
410,Company_410,Manufacturing,Europe,6717,383.77,27.18,Yes,82.1,91,No,100,0,93.36850037678975,82.1,91,74.97962509419744
268,Company_268,Finance,Europe,882,328.37,9.44,Yes,5.0,96,Yes,100,100,48.806832454157245,5.0,96,74.82670811353931
238,Company_238,Manufacturing,Europe,2532,310.22,5.5,Yes,35.2,84,Yes,100,100,38.909821652851036,35.2,84,74.62745541321276
282,Company_282,Technology,North America,9553,316.24,27.13,Partial,57.9,47,Yes,60,100,93.24290379301682,57.9,47,74.4232259482542
455,Company_455,Manufacturing,Latin America,5135,329.07,19.3,Yes,26.0,22,Yes,100,100,73.57447877417734,26.0,22,74.39361969354434
340,Company_340,Manufacturing,Asia-Pacific,7234,181.58,23.31,Yes,10.2,17,Yes,100,100,83.64732479276562,10.2,17,74.31183119819141
221,Company_221,Healthcare,Latin America,4430,40.85,5.45,Yes,38.3,75,Yes,100,100,38.78422506907812,38.3,75,73.85855626726953
56,Company_56,Finance,Asia-Pacific,6088,240.96,7.85,Yes,53.6,47,Yes,100,100,44.812861090178345,53.6,47,73.77821527254459
486,Company_486,Retail,North America,4396,60.59,-0.95,Yes,56.5,83,Yes,100,100,22.707862346144186,56.5,83,73.11446558653606
83,Company_83,Technology,North America,6001,434.74,14.34,Yes,37.7,22,Yes,100,100,61.11529766390353,37.7,22,72.74132441597588
165,Company_165,Retail,Europe,877,159.42,-0.69,Yes,56.3,77,Yes,100,100,23.360964581763376,56.3,77,72.50274114544084
26,Company_26,Retail,Latin America,55,203.78,18.98,Yes,24.9,9,Yes,100,100,72.77066063803063,24.9,9,72.43016515950765
357,Company_357,Manufacturing,Latin America,2731,56.14,-2.87,Yes,74.5,65,Yes,100,100,17.884953529264003,74.5,65,71.908738382316
412,Company_412,Healthcare,North America,9878,221.9,-7.75,Yes,71.5,91,Yes,100,100,5.626726953026878,71.5,91,71.71918173825672
179,Company_179,Technology,Latin America,3847,229.58,28.55,Yes,57.7,82,No,100,0,96.80984677216779,57.7,82,71.66496169304195
205,Company_205,Manufacturing,Latin America,8023,362.33,14.56,Partial,85.7,57,Yes,60,100,61.66792263250439,85.7,57,71.2544806581261
378,Company_378,Healthcare,Latin America,2761,366.76,19.84,Yes,85.7,94,No,100,0,74.93092187892488,85.7,94,71.19523046973123
328,Company_328,Technology,Europe,7418,223.8,25.19,Yes,70.8,82,No,100,0,88.36975634262747,70.8,82,71.19243908565687
342,Company_342,Manufacturing,Europe,7191,391.99,19.98,Partial,66.5,47,Yes,60,100,75.28259231348906,66.5,47,71.00814807837227
325,Company_325,Finance,Europe,4083,122.33,25.26,Yes,75.3,70,No,100,0,88.54559155990957,75.3,70,70.29889788997738
138,Company_138,Healthcare,North America,1915,37.48,13.77,Partial,77.9,57,Yes,60,100,59.68349660889223,77.9,57,69.78337415222306
463,Company_463,Technology,Asia-Pacific,5442,336.7,9.78,Partial,88.5,66,Yes,60,100,49.66088922381311,88.5,66,69.72772230595328
344,Company_344,Manufacturing,Europe,8091,225.95,17.14,Partial,22.3,95,Yes,60,100,68.14870635518714,22.3,95,69.69967658879679
12,Company_12,Retail,North America,1783,59.19,-2.86,Yes,23.6,96,Yes,100,100,17.91007284601859,23.6,96,69.42751821150465
377,Company_377,Manufacturing,Europe,6816,98.23,17.82,Partial,35.7,74,Yes,60,100,69.85681989449887,35.7,74,69.17670497362471
159,Company_159,Finance,Europe,8604,366.98,0.62,Yes,29.7,67,Yes,100,100,26.651595076613916,29.7,67,68.75039876915348
160,Company_160,Retail,Asia-Pacific,2493,455.21,-2.89,Yes,22.6,91,Yes,100,100,17.834714895754832,22.6,91,68.6586787239387
451,Company_451,Retail,North America,9068,218.28,2.61,Yes,84.5,1,Yes,100,100,31.650339110776184,84.5,1,68.60008477769404
254,Company_254,Retail,Asia-Pacific,5282,222.11,-0.89,Yes,76.0,27,Yes,100,100,22.858578246671687,76.0,27,68.58964456166792
134,Company_134,Technology,North America,5423,225.75,-0.7,Yes,43.7,58,Yes,100,100,23.335845265008793,43.7,58,68.54646131625219
352,Company_352,Healthcare,North America,8696,30.59,21.22,Yes,59.5,91,No,100,0,78.39738759105752,59.5,91,68.41184689776438
363,Company_363,Manufacturing,North America,2916,13.6,24.97,Yes,39.5,92,No,100,0,87.81713137402663,39.5,92,68.39178284350666
470,Company_470,Manufacturing,Asia-Pacific,180,488.48,27.88,Yes,89.2,27,No,100,0,95.12685254961065,89.2,27,68.30671313740267
333,Company_333,Finance,Asia-Pacific,6859,227.47,14.6,Yes,8.9,14,Yes,100,100,61.76839989952273,8.9,14,68.30459997488069
156,Company_156,Finance,Asia-Pacific,6216,434.69,-3.17,Yes,51.5,60,Yes,100,100,17.131374026626474,51.5,60,68.22034350665662
390,Company_390,Healthcare,Latin America,203,385.42,20.66,Yes,73.3,78,No,100,0,76.9907058528008,73.3,78,68.1601764632002
158,Company_158,Technology,North America,395,20.49,21.31,Yes,56.5,87,No,100,0,78.62346144184878,56.5,87,67.5933653604622
241,Company_241,Retail,Europe,8964,467.92,28.83,Yes,86.0,17,No,100,0,97.51318764129616,86.0,17,67.25329691032404
206,Company_206,Retail,Latin America,8627,330.21,24.38,Yes,86.8,38,No,100,0,86.33509168550614,86.8,38,67.18377292137653
368,Company_368,Retail,Asia-Pacific,3900,263.26,18.12,Partial,37.4,53,Yes,60,100,70.61039939713639,37.4,53,66.9525998492841
370,Company_370,Technology,Asia-Pacific,7729,268.46,9.46,Partial,69.1,63,Yes,60,100,48.85707108766642,69.1,63,66.7267677719166
3,Company_3,Retail,Latin America,6788,6.66,22.38,Yes,78.4,52,No,100,0,81.31122833458929,78.4,52,66.62780708364733
488,Company_488,Retail,North America,7256,320.8,7.15,Partial,67.9,75,Yes,60,100,43.054508917357445,67.9,75,66.62612722933936
102,Company_102,Finance,Europe,7854,280.31,5.64,Yes,38.6,15,Yes,100,100,39.26149208741522,38.6,15,66.5153730218538
210,Company_210,Manufacturing,Asia-Pacific,6540,363.52,-5.91,Yes,51.5,60,Yes,100,100,10.248681235870384,51.5,60,66.4996703089676
214,Company_214,Healthcare,Asia-Pacific,5021,287.6,-6.94,Yes,78.4,38,Yes,100,100,7.661391610148203,78.4,38,66.46534790253705
36,Company_36,Technology,North America,896,401.38,13.83,Yes,75.0,97,No,100,0,59.834212509419736,75.0,97,66.45855312735493
404,Company_404,Technology,Europe,4253,496.7,29.19,No,42.0,82,Yes,20,100,98.41748304446118,42.0,82,66.10437076111529
154,Company_154,Finance,North America,2166,118.88,1.89,Partial,79.7,85,Yes,60,100,29.84174830444612,79.7,85,66.04793707611154
408,Company_408,Manufacturing,Latin America,4247,59.01,13.46,Partial,48.1,58,Yes,60,100,58.90479778950013,48.1,58,65.98869944737503
369,Company_369,Manufacturing,Asia-Pacific,5465,174.61,-7.89,Yes,40.2,77,Yes,100,100,5.275056518462699,40.2,77,65.96876412961568
425,Company_425,Retail,Europe,2758,276.51,21.21,Yes,46.0,85,No,100,0,78.37226827430294,46.0,85,65.96806706857573
129,Company_129,Technology,North America,469,33.67,23.01,Yes,66.6,53,No,100,0,82.89374529012811,66.6,53,65.67343632253203
114,Company_114,Retail,Latin America,3737,145.25,-9.08,Yes,75.0,45,Yes,100,100,2.2858578246671692,75.0,45,65.5714644561668
422,Company_422,Manufacturing,Europe,8457,306.87,-8.01,Yes,51.0,63,Yes,100,100,4.973624717407688,51.0,63,65.49340617935192
398,Company_398,Retail,Europe,110,290.71,29.65,Yes,23.1,61,No,100,0,99.57297161517207,23.1,61,65.40574290379301
76,Company_76,Healthcare,North America,5306,453.72,20.74,Yes,85.2,42,No,100,0,77.19166038683747,85.2,42,65.19791509670937
423,Company_423,Healthcare,Asia-Pacific,388,283.9,26.16,No,41.5,89,Yes,20,100,90.80633006782215,41.5,89,65.01408251695554
217,Company_217,Manufacturing,Asia-Pacific,5349,109.12,0.12,Yes,62.3,4,Yes,100,100,25.3956292388847,62.3,4,64.63640730972118
216,Company_216,Retail,North America,2040,243.77,27.21,No,81.3,40,Yes,20,100,93.4438583270535,81.3,40,64.52346458176338
490,Company_490,Healthcare,North America,2082,298.8,16.57,Partial,51.7,27,Yes,60,100,66.71690530017584,51.7,27,64.51672632504395
29,Company_29,Manufacturing,Asia-Pacific,8245,416.17,22.75,Yes,52.9,58,No,100,0,82.24064305450892,52.9,58,64.42266076362723
300,Company_300,Finance,North America,4227,418.82,20.13,Yes,66.1,57,No,100,0,75.65938206480783,66.1,57,64.30234551620195
403,Company_403,Finance,North America,1302,433.89,12.62,Yes,62.0,98,No,100,0,56.794775182115046,62.0,98,64.19869379552875
295,Company_295,Manufacturing,Europe,4292,496.11,19.93,No,86.3,68,Yes,20,100,75.15699572971614,86.3,68,64.07674893242904
184,Company_184,Healthcare,Latin America,1695,456.36,13.29,Yes,88.4,67,No,100,0,58.477769404672195,88.4,67,64.04444235116804
251,Company_251,Finance,North America,5540,243.05,10.59,Partial,69.9,35,Yes,60,100,51.69555388093443,69.9,35,64.0363884702336
147,Company_147,Manufacturing,Asia-Pacific,2941,55.59,5.46,Partial,67.8,62,Yes,60,100,38.8093443858327,67.8,62,63.92733609645818
118,Company_118,Retail,Asia-Pacific,5815,199.11,12.92,Yes,63.5,90,No,100,0,57.54835468475257,63.5,90,63.57458867118814
358,Company_358,Technology,North America,3679,294.41,-8.84,Yes,26.5,76,Yes,100,100,2.8887214267771926,26.5,76,63.534680356694295
442,Company_442,Technology,Latin America,7174,265.68,7.16,Yes,88.5,93,No,100,0,43.07962823411203,88.5,93,63.457407058528005
479,Company_479,Technology,North America,7614,96.69,29.22,Partial,88.2,78,No,60,0,98.49284099472494,88.2,78,63.39821024868123
103,Company_103,Manufacturing,Europe,6615,379.53,10.05,Yes,84.1,81,No,100,0,50.33911077618688,84.1,81,63.222277694046724
359,Company_359,Finance,Europe,4275,345.66,-3.32,Yes,28.1,44,Yes,100,100,16.75458427530771,28.1,44,63.20114606882693
383,Company_383,Finance,Latin America,7765,332.51,4.94,Partial,65.2,61,Yes,60,100,37.50313991459432,65.2,61,63.15078497864858
61,Company_61,Healthcare,Latin America,5337,466.14,15.4,Yes,84.6,53,No,100,0,63.777945239889476,84.6,53,63.144486309972365
32,Company_32,Manufacturing,Latin America,167,195.12,26.22,No,66.3,47,Yes,20,100,90.95704596834966,66.3,47,62.90176149208742
252,Company_252,Manufacturing,North America,6695,25.17,25.96,No,77.7,33,Yes,20,100,90.30394373273047,77.7,33,62.41348593318262
248,Company_248,Finance,North America,7236,278.74,-7.25,Yes,43.9,41,Yes,100,100,6.882692790756091,43.9,41,62.33317319768902
9,Company_9,Retail,North America,3862,142.25,24.77,Yes,54.6,26,No,100,0,87.31474503893493,54.6,26,61.90368625973373
495,Company_495,Technology,North America,9504,453.42,19.97,Yes,83.7,21,No,100,0,75.25747299673449,83.7,21,61.90186824918362
402,Company_402,Technology,Europe,8020,162.47,-1.88,Partial,70.0,80,Yes,60,100,20.371765887967843,70.0,80,61.84294147199196
104,Company_104,Healthcare,Asia-Pacific,6034,133.05,5.89,Partial,15.7,93,Yes,60,100,39.889475006279824,15.7,93,61.55986875156996
269,Company_269,Technology,Europe,6004,169.5,26.81,No,81.6,18,Yes,20,100,92.43908565687012,81.6,18,61.55977141421753
18,Company_18,Technology,Latin America,3785,296.33,15.28,Yes,66.2,58,No,100,0,63.47651343883446,66.2,58,61.39412835970861
2,Company_2,Technology,Latin America,6941,367.47,16.86,Partial,22.9,29,Yes,60,100,67.44536548605879,22.9,29,61.348841371514695
428,Company_428,Technology,Latin America,2471,224.99,-0.99,Partial,65.7,75,Yes,60,100,22.607385079125848,65.7,75,61.239346269781464
474,Company_474,Technology,Asia-Pacific,8280,430.41,18.8,Yes,6.0,99,No,100,0,72.31851293644812,6.0,99,61.20462823411203
381,Company_381,Healthcare,Latin America,7529,481.86,23.01,Yes,52.6,29,No,100,0,82.89374529012811,52.6,29,60.92343632253203
323,Company_323,Healthcare,Latin America,2623,301.36,22.47,Yes,44.1,40,No,100,0,81.53730218538055,44.1,40,60.89682554634514
471,Company_471,Healthcare,Asia-Pacific,3033,412.47,28.69,Yes,32.6,20,No,100,0,97.16151720673197,32.6,20,60.86537930168299
461,Company_461,Finance,Europe,3611,310.59,21.51,Yes,22.5,66,No,100,0,79.12584777694046,22.5,66,60.84396194423512
245,Company_245,Retail,North America,9742,308.07,6.49,Partial,70.7,29,Yes,60,100,41.39663401155488,70.7,29,60.81165850288872
136,Company_136,Retail,Europe,2695,299.23,21.07,Partial,23.7,1,Yes,60,100,78.02059783973876,23.7,1,60.592649459934684
63,Company_63,Technology,North America,8562,144.29,-3.18,Yes,14.9,34,Yes,100,100,17.106254709871894,14.9,34,60.38906367746797
153,Company_153,Finance,Latin America,843,387.55,14.78,Partial,51.6,3,Yes,60,100,62.220547601105245,51.6,3,60.38013690027631
73,Company_73,Technology,Europe,1958,35.45,28.97,Yes,28.7,18,No,100,0,97.86485807586033,28.7,18,60.30371451896508
448,Company_448,Finance,Europe,4282,359.17,14.79,Yes,38.2,79,No,100,0,62.24566691785983,38.2,79,60.21141672946496
281,Company_281,Healthcare,Europe,5257,423.89,0.95,Partial,28.4,92,Yes,60,100,27.480532529515195,28.4,92,59.920133132378794
197,Company_197,Retail,Europe,8443,297.18,9.97,Yes,84.1,54,No,100,0,50.13815624215021,84.1,54,59.79703906053756
411,Company_411,Healthcare,Europe,2372,463.21,21.3,Partial,6.4,8,Yes,60,100,78.59834212509419,6.4,8,59.44958553127354
493,Company_493,Manufacturing,Asia-Pacific,3561,91.51,24.48,No,55.6,36,Yes,20,100,86.58628485305199,55.6,36,59.096571213263
346,Company_346,Healthcare,North America,2124,281.28,23.68,Yes,42.2,21,No,100,0,84.57673951268525,42.2,21,59.044184878171315
11,Company_11,Manufacturing,Latin America,1510,27.32,11.41,Yes,51.7,72,No,100,0,53.75533785481035,51.7,72,58.90133446370259
225,Company_225,Finance,North America,1016,413.13,8.02,Partial,47.4,29,Yes,60,100,45.23988947500627,47.4,29,58.85997236875157
170,Company_170,Manufacturing,Asia-Pacific,6009,434.72,18.97,No,89.2,28,Yes,20,100,72.74554132127606,89.2,28,58.83638533031902
263,Company_263,Technology,North America,6355,436.56,25.83,Partial,73.7,71,No,60,0,89.97739261492087,73.7,71,58.58184815373021
107,Company_107,Retail,Asia-Pacific,2240,166.58,16.97,Yes,9.4,81,No,100,0,67.72167797035921,9.4,81,58.2304194925898
228,Company_228,Healthcare,Latin America,738,488.85,29.53,Partial,49.4,72,No,60,0,99.27153981411706,49.4,72,57.99288495352927
105,Company_105,Finance,Asia-Pacific,5192,100.6,11.59,Yes,67.7,47,No,100,0,54.207485556392854,67.7,47,57.88937138909821
106,Company_106,Technology,Europe,4720,46.63,15.12,Yes,87.8,9,No,100,0,63.07460437076111,87.8,9,57.86865109269028
364,Company_364,Technology,Europe,4838,164.95,10.4,Yes,23.7,92,No,100,0,51.21828686259734,23.7,92,57.26707171564933
58,Company_58,Healthcare,North America,2269,426.84,13.22,Yes,85.2,16,No,100,0,58.3019341873901,85.2,16,57.22548354684752
45,Company_45,Healthcare,Asia-Pacific,6283,498.19,15.61,Yes,81.1,8,No,100,0,64.30545089173575,81.1,8,57.21386272293394
150,Company_150,Manufacturing,Latin America,144,413.83,-1.53,Partial,53.5,57,Yes,60,100,21.2509419743783,53.5,57,57.12523549359457
243,Company_243,Finance,Asia-Pacific,2767,314.53,21.35,Yes,38.4,21,No,100,0,78.72393870886712,38.4,21,57.10598467721678
439,Company_439,Manufacturing,Asia-Pacific,4856,407.81,21.49,No,31.6,58,Yes,20,100,79.0756091434313,31.6,58,56.96890228585782
207,Company_207,Technology,North America,8120,379.74,5.7,Yes,57.8,79,No,100,0,39.41220798794273,57.8,79,56.953051996985685
320,Company_320,Retail,Asia-Pacific,4881,429.7,7.35,Yes,36.0,92,No,100,0,43.55689525244913,36.0,92,56.88922381311228
449,Company_449,Finance,Latin America,8057,263.01,12.48,Yes,21.3,80,No,100,0,56.44310474755086,21.3,80,56.77327618688772
35,Company_35,Retail,Latin America,4339,413.97,15.81,Partial,80.0,99,No,60,0,64.80783722682743,80.0,99,56.576959306706854
97,Company_97,Technology,North America,650,7.55,24.93,Partial,67.1,66,No,60,0,87.71665410700828,67.1,66,56.566663526752066
88,Company_88,Finance,Asia-Pacific,6463,123.15,-0.91,Yes,70.5,96,No,100,0,22.80833961316252,70.5,96,56.51458490329063
405,Company_405,Manufacturing,North America,8413,377.45,-3.39,Partial,51.7,63,Yes,60,100,16.57874905802562,51.7,63,56.48218726450641
297,Company_297,Technology,Asia-Pacific,3502,182.78,-2.78,Partial,62.8,48,Yes,60,100,18.111027380055265,62.8,48,56.37775684501381
303,Company_303,Finance,North America,6085,205.63,19.12,No,32.7,64,Yes,20,100,73.12233107259482,32.7,64,56.3680827681487
414,Company_414,Manufacturing,Europe,7010,439.56,-0.98,Partial,72.8,28,Yes,60,100,22.632504395880428,72.8,28,56.25812609897011
42,Company_42,Finance,North America,4258,133.82,23.27,Partial,71.6,67,No,60,0,83.5468475257473,71.6,67,56.21171188143683
235,Company_235,Finance,North America,4472,66.49,-5.79,Yes,6.2,22,Yes,100,100,10.550113036925396,6.2,22,56.162528259231344
224,Company_224,Manufacturing,Asia-Pacific,5638,45.84,25.58,Partial,59.1,66,No,60,0,89.34940969605626,59.1,66,55.97485242401406
372,Company_372,Manufacturing,Asia-Pacific,9378,70.69,14.09,Yes,27.9,58,No,100,0,60.48731474503892,27.9,58,55.85932868625973
286,Company_286,Technology,Europe,8406,273.93,29.7,Partial,40.3,63,No,60,0,99.69856819894498,40.3,63,55.83714204973625
43,Company_43,Manufacturing,Europe,6333,260.05,16.78,Yes,65.8,6,No,100,0,67.24441095202211,65.8,6,55.78610273800553
487,Company_487,Finance,North America,3860,6.28,23.88,Partial,48.9,83,No,60,0,85.07912584777692,48.9,83,55.75728146194423
331,Company_331,Retail,Asia-Pacific,2591,336.35,19.69,No,48.8,40,Yes,20,100,74.55413212760612,48.8,40,55.73853303190153
162,Company_162,Finance,North America,1034,482.44,14.72,Yes,81.5,0,No,100,0,62.06983170057774,81.5,0,55.704957925144434
283,Company_283,Finance,North America,2588,369.0,17.04,Partial,89.4,76,No,60,0,67.8975131876413,89.4,76,55.64937829691033
229,Company_229,Retail,North America,4293,104.43,7.73,Partial,23.6,28,Yes,60,100,44.511429289123335,23.6,28,55.577857322280835
22,Company_22,Technology,Latin America,1113,452.34,13.88,No,52.1,64,Yes,20,100,59.95980909319266,52.1,64,55.50245227329816
203,Company_203,Finance,Latin America,586,200.79,16.07,No,69.7,35,Yes,20,100,65.46093946244662,69.7,35,55.45273486561165
50,Company_50,Manufacturing,Asia-Pacific,7038,22.26,8.27,Partial,12.0,35,Yes,60,100,45.867872393870876,12.0,35,55.34196809846772
330,Company_330,Healthcare,Asia-Pacific,1351,227.14,2.44,Yes,75.1,65,No,100,0,31.22331072594825,75.1,65,55.31832768148706
113,Company_113,Technology,Europe,2047,68.58,2.9,Yes,61.7,76,No,100,0,32.37879929665913,61.7,76,55.30719982416478
446,Company_446,Manufacturing,Latin America,8870,276.96,24.12,Yes,20.9,10,No,100,0,85.68198944988696,20.9,10,55.28299736247173
176,Company_176,Healthcare,Europe,4196,105.83,9.27,No,71.0,66,Yes,20,100,48.37980406932931,71.0,66,55.21995101733233
31,Company_31,Retail,North America,8887,28.24,3.49,Yes,82.9,50,No,100,0,33.860838985179605,82.9,50,55.0777097462949
144,Company_144,Manufacturing,Latin America,3278,83.67,-9.29,Partial,42.0,91,Yes,60,100,1.758352172820902,42.0,91,55.06458804320523
336,Company_336,Healthcare,North America,124,130.0,11.55,Yes,38.3,52,No,100,0,54.10700828937453,38.3,52,54.814252072343635
21,Company_21,Healthcare,Latin America,2640,302.4,0.98,Yes,74.8,67,No,100,0,27.55589047977895,74.8,67,54.61397261994474
90,Company_90,Retail,North America,9556,57.39,5.24,Yes,78.0,42,No,100,0,38.25671941723185,78.0,42,54.564179854307966
70,Company_70,Manufacturing,North America,8034,59.19,9.0,Yes,26.6,72,No,100,0,47.70158251695554,26.6,72,54.25039562923888
152,Company_152,Finance,Asia-Pacific,6948,420.77,20.17,Partial,61.4,76,No,60,0,75.75985933182619,61.4,76,54.114964832956545
477,Company_477,Manufacturing,Europe,5518,151.16,17.35,No,13.8,73,Yes,20,100,68.67621200703341,13.8,73,54.01905300175835
407,Company_407,Finance,North America,3599,147.9,13.43,Yes,46.0,28,No,100,0,58.82943983923637,46.0,28,53.9573599598091
99,Company_99,Healthcare,Europe,2186,118.17,21.45,Partial,72.7,57,No,60,0,78.97513187641295,72.7,57,53.956282969103235
500,Company_500,Finance,Europe,3480,367.32,29.12,Partial,12.8,78,No,60,0,98.2416478271791,12.8,78,53.910411956794775
276,Company_276,Retail,North America,7826,105.77,-6.2,Partial,59.0,49,Yes,60,100,9.52022104998744,59.0,49,53.88005526249686
236,Company_236,Healthcare,Asia-Pacific,1809,448.63,-8.58,Partial,75.5,44,Yes,60,100,3.541823662396383,75.5,44,53.822955915599096
415,Company_415,Finance,North America,3054,162.01,5.08,Yes,57.4,57,No,100,0,37.854810349158505,57.4,57,53.76370258728963
271,Company_271,Retail,North America,7271,249.17,14.66,Partial,89.2,73,No,60,0,61.91911580005023,89.2,73,53.75477895001256
311,Company_311,Finance,Asia-Pacific,1329,53.21,6.54,Yes,75.0,31,No,100,0,41.522230595327805,75.0,31,53.63055764883195
270,Company_270,Manufacturing,Asia-Pacific,8569,273.53,10.83,Yes,18.1,66,No,100,0,52.29841748304446,18.1,66,53.58710437076111
171,Company_171,Finance,Latin America,176,358.89,21.68,Yes,25.3,4,No,100,0,79.55287616176841,25.3,4,53.550719040442104
183,Company_183,Finance,Latin America,3467,150.61,21.61,Yes,28.5,0,No,100,0,79.37704094448631,28.5,0,53.40676023612158
440,Company_440,Finance,Asia-Pacific,8642,58.91,28.99,Partial,84.5,1,No,60,0,97.9150967093695,84.5,1,53.16627417734237
365,Company_365,Manufacturing,Asia-Pacific,5540,486.68,18.94,Partial,69.8,66,No,60,0,72.67018337101231,69.8,66,53.14254584275308
339,Company_339,Technology,Latin America,8282,304.74,23.6,Partial,55.2,56,No,60,0,84.37578497864858,55.2,56,52.99394624466215
313,Company_313,Healthcare,Asia-Pacific,6036,298.49,19.74,No,51.3,15,Yes,20,100,74.67972871137903,51.3,15,52.95743217784476
468,Company_468,Retail,Europe,2717,360.23,3.53,Yes,71.7,44,No,100,0,33.96131625219794,71.7,44,52.952829063049485
232,Company_232,Finance,Europe,5232,25.39,19.85,Yes,20.0,12,No,100,0,74.95604119567948,20.0,12,52.739010298919865
255,Company_255,Finance,Europe,5847,363.79,29.04,Partial,71.7,10,No,60,0,98.04069329314243,71.7,10,52.722673323285605
478,Company_478,Finance,Asia-Pacific,970,397.74,11.8,No,51.6,52,Yes,20,100,54.73499120823912,51.6,52,52.63374780205978
14,Company_14,Healthcare,Asia-Pacific,5672,66.6,-0.79,Partial,23.2,47,Yes,60,100,23.10977141421753,23.2,47,52.55244285355438
66,Company_66,Manufacturing,Europe,2874,349.38,22.87,Partial,84.1,27,No,60,0,82.54207485556392,84.1,27,52.52301871389098
208,Company_208,Retail,North America,8716,476.56,28.25,No,83.9,96,No,20,0,96.05626726953027,83.9,96,52.50156681738257
188,Company_188,Finance,Latin America,3122,5.61,2.94,Yes,59.6,55,No,100,0,32.479276563677466,59.6,55,52.444819140919364
347,Company_347,Retail,North America,8042,272.25,8.81,Yes,80.0,5,No,100,0,47.22431549861844,80.0,5,52.43107887465461
395,Company_395,Technology,Asia-Pacific,5186,470.73,9.85,Yes,7.6,72,No,100,0,49.8367244410952,7.6,72,52.409181110273806
432,Company_432,Finance,Latin America,6659,323.08,8.88,Yes,73.7,10,No,100,0,47.40015071590053,73.7,10,52.31253767897513
351,Company_351,Healthcare,Latin America,6186,119.41,15.73,Partial,67.2,78,No,60,0,64.60688269279075,67.2,78,52.301720673197686
242,Company_242,Finance,Asia-Pacific,2129,473.94,27.69,No,87.2,93,No,20,0,94.64958553127354,87.2,93,52.187396382818385
308,Company_308,Manufacturing,North America,4541,209.45,9.54,Yes,76.9,2,No,100,0,49.05802562170309,76.9,2,52.127006405425774
226,Company_226,Finance,North America,4994,182.11,25.3,Partial,39.6,56,No,60,0,88.6460688269279,39.6,56,52.111517206731975
28,Company_28,Healthcare,North America,8709,119.13,3.64,Yes,29.6,78,No,100,0,34.237628736498365,29.6,78,52.0094071841246
480,Company_480,Technology,North America,8734,459.29,-0.9,Yes,52.2,78,No,100,0,22.833458929917107,52.2,78,51.983364732479274
288,Company_288,Technology,Asia-Pacific,5055,296.09,2.68,Yes,81.7,28,No,100,0,31.826174328058276,81.7,28,51.66904358201457
258,Company_258,Technology,North America,6066,242.24,0.22,Yes,73.4,46,No,100,0,25.646822406430548,73.4,46,51.33670560160763
48,Company_48,Technology,Europe,1967,313.35,17.21,Yes,33.9,0,No,100,0,68.32454157246923,33.9,0,51.318635393117304
302,Company_302,Technology,Latin America,6902,389.12,11.58,No,41.3,52,Yes,20,100,54.18236623963828,41.3,52,51.20809155990957
464,Company_464,Healthcare,Latin America,7743,465.15,29.18,No,71.7,93,No,20,0,98.3923637277066,71.7,93,51.18559093192665
335,Company_335,Manufacturing,Latin America,9046,474.55,5.01,Yes,84.1,10,No,100,0,37.67897513187641,84.1,10,51.18224378296911
438,Company_438,Retail,Latin America,4923,457.55,1.02,Partial,11.0,39,Yes,60,100,27.656367746797283,11.0,39,51.16409193669932
116,Company_116,Technology,Latin America,2020,218.96,-1.06,Yes,51.2,73,No,100,0,22.431549861843756,51.2,73,51.13288746546094
285,Company_285,Finance,Latin America,5669,254.9,-9.49,Partial,53.8,48,Yes,60,100,1.2559658377292136,53.8,48,51.0389914594323
62,Company_62,Manufacturing,North America,1669,368.93,20.19,Partial,62.4,49,No,60,0,75.81009796533533,62.4,49,50.87752449133383
401,Company_401,Retail,North America,6235,304.45,28.01,Partial,15.1,57,No,60,0,95.45340366742025,15.1,57,50.87585091685506
371,Company_371,Healthcare,North America,6869,67.24,13.97,Yes,6.8,39,No,100,0,60.18588294398393,6.8,39,50.77147073599598
101,Company_101,Manufacturing,Asia-Pacific,6993,5.55,12.66,No,8.1,74,Yes,20,100,56.89525244913338,8.1,74,50.48631311228334
82,Company_82,Finance,North America,3441,263.02,24.59,Partial,47.4,38,No,60,0,86.86259733735241,47.4,38,50.39064933433811
482,Company_482,Manufacturing,Europe,8552,48.08,11.7,Partial,54.5,95,No,60,0,54.48379804069329,54.5,95,50.30844951017332
312,Company_312,Retail,Asia-Pacific,7133,205.49,20.33,Partial,80.6,25,No,60,0,76.16176839989951,80.6,25,50.240442099974885
211,Company_211,Retail,North America,3650,375.84,16.35,Yes,20.3,8,No,100,0,66.16428033157499,20.3,8,50.07857008289375
466,Company_466,Healthcare,Europe,3273,292.56,19.01,Yes,14.9,0,No,100,0,72.8460185882944,14.9,0,50.07400464707359
60,Company_60,Healthcare,Europe,2110,167.88,28.47,Partial,37.1,26,No,60,0,96.60889223813112,37.1,26,50.03972305953278
16,Company_16,Healthcare,North America,7036,400.0,15.52,Partial,69.6,58,No,60,0,64.07937704094448,69.6,58,49.969844260236115
304,Company_304,Technology,Europe,3644,302.92,-5.68,Yes,76.4,61,No,100,0,10.826425521225822,76.4,61,49.88160638030645
30,Company_30,Manufacturing,Latin America,6016,64.57,14.13,Yes,15.2,21,No,100,0,60.58779201205727,15.2,21,49.671948003014315
301,Company_301,Technology,Europe,8755,121.72,0.77,Yes,52.9,48,No,100,0,27.028384827932676,52.9,48,49.369596206983175
233,Company_233,Manufacturing,Latin America,9966,336.84,16.36,No,23.2,31,Yes,20,100,66.18939964832956,23.2,31,49.32234991208239
41,Company_41,Manufacturing,North America,274,264.89,7.7,Yes,21.1,44,No,100,0,44.436071338859584,21.1,44,49.24651783471489
348,Company_348,Finance,North America,695,21.92,10.08,No,9.4,75,Yes,20,100,50.414468726450636,9.4,75,49.15361718161266
277,Company_277,Technology,Asia-Pacific,3725,421.02,5.04,No,12.7,97,Yes,20,100,37.75433308214017,12.7,97,49.15108327053504
424,Company_424,Healthcare,Latin America,5945,193.31,26.38,Partial,31.3,35,No,60,0,91.358955036423,31.3,35,49.12723875910575
95,Company_95,Finance,Asia-Pacific,7627,235.41,1.19,Yes,36.5,60,No,100,0,28.083396131625214,36.5,60,49.083349032906305
284,Company_284,Manufacturing,Latin America,4597,385.02,9.84,No,37.8,47,Yes,20,100,49.811605124340616,37.8,47,49.052901281085155
409,Company_409,Technology,Europe,7059,327.0,17.91,Partial,37.9,70,No,60,0,70.08289374529012,37.9,70,49.008223436322524
120,Company_120,Healthcare,Asia-Pacific,8185,378.08,13.01,Partial,82.4,50,No,60,0,57.774428535543834,82.4,50,48.99360713388596
204,Company_204,Finance,North America,1675,487.48,22.43,Partial,35.1,48,No,60,0,81.43682491836222,35.1,48,48.74670622959056
47,Company_47,Healthcare,Asia-Pacific,1878,234.37,13.71,Partial,44.7,82,No,60,0,59.53278070836474,44.7,82,48.72069517709118
452,Company_452,Manufacturing,Europe,1550,448.87,20.87,Partial,41.6,49,No,60,0,77.51821150464707,41.6,49,48.70455287616177
499,Company_499,Finance,Asia-Pacific,8240,154.52,4.24,Yes,43.9,34,No,100,0,35.74478774177342,43.9,34,48.67369693544336
202,Company_202,Retail,North America,8816,341.83,-0.26,Partial,30.7,4,Yes,60,100,24.4410952022105,30.7,4,48.447773800552625
385,Company_385,Technology,Asia-Pacific,1812,190.28,19.42,Partial,87.7,8,No,60,0,73.87591057523237,87.7,8,48.43147764380809
393,Company_393,Technology,Europe,2170,459.75,-3.06,Yes,77.3,35,No,100,0,17.4076865109269,77.3,35,48.38942162773173
198,Company_198,Finance,Asia-Pacific,3557,219.46,0.64,Yes,47.3,45,No,100,0,26.701833710123086,47.3,45,48.21295842753077
354,Company_354,Manufacturing,North America,3019,116.23,-4.49,Yes,69.5,48,No,100,0,13.81562421502135,69.5,48,48.14140605375534
382,Company_382,Technology,Latin America,5458,131.38,10.81,No,71.4,1,Yes,20,100,52.248178849535286,71.4,1,48.11204471238382
261,Company_261,Healthcare,Europe,4923,237.74,28.39,Partial,20.1,27,No,60,0,96.40793770409445,20.1,27,47.989484426023616
37,Company_37,Retail,Asia-Pacific,6366,316.74,6.05,No,66.3,29,Yes,20,100,40.291384074353175,66.3,29,47.985346018588295
157,Company_157,Manufacturing,North America,864,481.8,-7.01,Yes,75.5,53,No,100,0,7.485556392866115,75.5,53,47.933889098216525
259,Company_259,Healthcare,Asia-Pacific,3385,309.79,0.43,Partial,8.9,18,Yes,60,100,26.174328058276814,8.9,18,47.90608201456921
212,Company_212,Manufacturing,Europe,6833,77.23,27.71,Partial,44.0,5,No,60,0,94.69982416478273,44.0,5,47.799956041195685
89,Company_89,Manufacturing,North America,6991,465.39,3.67,Yes,5.2,68,No,100,0,34.31298668676212,5.2,68,47.72824667169053
426,Company_426,Healthcare,Asia-Pacific,1800,300.26,-9.72,Partial,15.1,61,Yes,60,100,0.6782215523737744,15.1,61,47.682055388093445
222,Company_222,Finance,Europe,4807,269.45,8.0,Partial,61.0,86,No,60,0,45.18965084149711,61.0,86,47.672412710374275
49,Company_49,Healthcare,North America,4284,375.2,-0.77,Yes,84.9,9,No,100,0,23.160010047726704,84.9,9,47.52750251193167
353,Company_353,Finance,Europe,9950,321.8,-1.31,Yes,40.4,56,No,100,0,21.80356694297915,40.4,56,47.50089173574479
192,Company_192,Technology,North America,6564,281.41,-7.42,Yes,66.6,60,No,100,0,6.455664405928159,66.6,60,47.438916101482036
161,Company_161,Retail,Asia-Pacific,7833,429.39,17.66,Partial,17.9,78,No,60,0,69.4549108264255,17.9,78,47.35122770660638
389,Company_389,Finance,North America,531,432.98,22.05,Partial,13.3,60,No,60,0,80.48229088168802,13.3,60,47.283072720422005
419,Company_419,Technology,North America,8032,326.29,27.49,No,47.6,94,No,20,0,94.14719919618186,47.6,94,47.236799799045464
249,Company_249,Manufacturing,Asia-Pacific,2115,300.75,6.97,Partial,71.4,77,No,60,0,42.602361215774934,71.4,77,47.200590303943734
194,Company_194,Healthcare,Latin America,2758,84.61,4.86,Yes,10.2,51,No,100,0,37.30218538055765,10.2,51,46.97554634513941
274,Company_274,Manufacturing,North America,6772,114.18,-5.57,Yes,48.6,64,No,100,0,11.102738005526248,48.6,64,46.850684501381565
267,Company_267,Manufacturing,North America,3512,15.33,-5.44,No,81.0,61,Yes,20,100,11.429289123335844,81.0,61,46.60732228083396
164,Company_164,Finance,Europe,9881,223.94,-0.84,Yes,84.7,2,No,100,0,22.984174830444612,84.7,2,46.58354370761115
484,Company_484,Technology,Europe,3291,189.89,11.95,Partial,49.2,69,No,60,0,55.11178095955789,49.2,69,46.552945239889475
175,Company_175,Manufacturing,Latin America,5159,83.83,11.02,Partial,52.7,70,No,60,0,52.77568450138156,52.7,70,46.53142112534539
8,Company_8,Retail,Asia-Pacific,926,296.61,-0.59,Yes,6.9,78,No,100,0,23.61215774930922,6.9,78,46.515539437327305
178,Company_178,Finance,Latin America,3418,81.06,5.48,Partial,66.7,83,No,60,0,38.859583019341876,66.7,83,46.427395754835466
52,Company_52,Manufacturing,North America,3794,430.76,-7.91,Yes,75.3,45,No,100,0,5.224817884953529,75.3,45,46.34370447123838
140,Company_140,Technology,North America,7376,189.06,25.04,Partial,11.5,39,No,60,0,87.99296659130871,11.5,39,46.31074164782718
361,Company_361,Manufacturing,North America,5991,242.55,5.51,Yes,33.6,19,No,100,0,38.93494096960563,33.6,19,46.30873524240141
141,Company_141,Finance,North America,6421,410.3,1.11,Yes,37.5,35,No,100,0,27.882441597588542,37.5,35,46.03311039939714
135,Company_135,Retail,Europe,2293,325.55,-6.8,Yes,27.7,84,No,100,0,8.013062044712385,27.7,84,45.9657655111781
247,Company_247,Manufacturing,Europe,7361,332.11,23.22,Partial,24.7,31,No,60,0,83.42125094197438,24.7,31,45.8178127354936
148,Company_148,Retail,Latin America,3806,427.83,12.58,No,24.0,21,Yes,20,100,56.694297915096705,24.0,21,45.79857447877418
465,Company_465,Healthcare,North America,9424,268.47,-4.2,No,67.3,60,Yes,20,100,14.544084400904294,67.3,60,45.548521100226075
292,Company_292,Finance,Europe,4475,300.87,15.44,Partial,76.4,16,No,60,0,63.8784225069078,76.4,16,45.51960562672696
128,Company_128,Manufacturing,Latin America,972,239.42,28.11,No,27.7,96,No,20,0,95.70459683496608,27.7,96,45.38864920874152
387,Company_387,Healthcare,Asia-Pacific,7724,125.85,4.86,Yes,18.5,30,No,100,0,37.30218538055765,18.5,30,45.388046345139415
374,Company_374,Retail,Latin America,9492,470.21,2.88,No,27.9,61,Yes,20,100,32.328560663149965,27.9,61,45.19464016578749
196,Company_196,Retail,Asia-Pacific,9574,166.33,15.84,Partial,63.7,24,No,60,0,64.88319517709118,63.7,24,45.183298794272794
15,Company_15,Manufacturing,Latin America,6817,478.43,-1.75,No,40.4,69,Yes,20,100,20.69831700577744,40.4,69,44.84957925144436
201,Company_201,Healthcare,North America,8020,234.98,24.59,No,40.3,95,No,20,0,86.86259733735241,40.3,95,44.628149334338104
169,Company_169,Finance,North America,3926,104.18,23.92,No,54.5,84,No,20,0,85.17960311479527,54.5,84,44.60740077869882
321,Company_321,Healthcare,Europe,2818,9.47,-3.57,No,30.1,85,Yes,20,100,16.126601356443103,30.1,85,44.41915033911077
309,Company_309,Technology,Latin America,1605,39.22,-3.97,No,39.1,78,Yes,20,100,15.12182868625973,39.1,78,44.417957171564936
491,Company_491,Finance,Latin America,8486,397.9,-1.36,Yes,63.6,7,No,100,0,21.67797035920623,63.6,7,44.24449258980155
391,Company_391,Finance,Europe,7667,60.99,19.34,Partial,15.4,47,No,60,0,73.67495604119567,15.4,47,44.21873901029892
473,Company_473,Healthcare,North America,7176,66.0,-9.12,Yes,82.8,26,No,100,0,2.1853805576488345,82.8,26,44.14634513941221
250,Company_250,Retail,Asia-Pacific,818,393.0,-6.7,Yes,86.6,9,No,100,0,8.264255212258226,86.6,9,44.016063803064554
108,Company_108,Manufacturing,North America,9234,282.12,11.3,Partial,63.0,37,No,60,0,53.479025370509916,63.0,37,43.86975634262748
151,Company_151,Finance,Asia-Pacific,2724,152.7,9.38,Partial,53.3,56,No,60,0,48.656116553629744,53.3,56,43.82652913840744
319,Company_319,Healthcare,Asia-Pacific,4273,202.53,25.09,No,59.1,64,No,20,0,88.11856317508163,59.1,64,43.41714079377041
459,Company_459,Healthcare,Asia-Pacific,4547,101.31,5.74,Partial,62.6,61,No,60,0,39.51268525496106,62.6,61,43.32817131374027
1,Company_1,Manufacturing,Europe,7993,263.65,24.05,No,61.7,65,No,20,0,85.50615423260487,61.7,65,43.214038558151216
40,Company_40,Healthcare,Asia-Pacific,8965,300.65,14.69,Partial,13.7,64,No,60,0,61.994473750313986,13.7,64,43.2111184375785
481,Company_481,Finance,Asia-Pacific,9373,215.14,6.16,Yes,21.1,3,No,100,0,40.5676965586536,21.1,3,43.154424139663405
177,Company_177,Retail,Latin America,7246,50.13,-2.92,Yes,22.4,46,No,100,0,17.75935694549108,22.4,46,42.989839236372774
462,Company_462,Healthcare,Asia-Pacific,664,263.93,14.98,Partial,37.4,37,No,60,0,62.72293393619693,37.4,37,42.98073348404924
397,Company_397,Technology,North America,1290,335.15,17.44,Partial,17.1,44,No,60,0,68.90228585782467,17.1,44,42.86307146445617
349,Company_349,Healthcare,Latin America,4313,493.41,-5.01,Yes,21.2,56,No,100,0,12.50941974378297,21.2,56,42.777354935945745
185,Company_185,Healthcare,Europe,9447,483.92,17.24,Partial,49.8,11,No,60,0,68.39989952273297,49.8,11,42.69997488068324
260,Company_260,Healthcare,North America,8088,167.86,-7.23,Yes,73.7,14,No,100,0,6.932931424265259,73.7,14,42.695732856066314
421,Company_421,Healthcare,North America,1391,316.95,15.25,Partial,50.4,20,No,60,0,63.401155488570716,50.4,20,42.65028887214268
315,Company_315,Healthcare,North America,1437,333.0,-5.76,Yes,26.7,53,No,100,0,10.62547098718915,26.7,53,42.618867746797285
20,Company_20,Manufacturing,Asia-Pacific,8484,442.68,-4.33,Yes,43.6,28,No,100,0,14.2175332830947,43.6,28,42.50438332077367
143,Company_143,Manufacturing,North America,7913,5.51,-9.99,Yes,20.4,78,No,100,0,0.0,20.4,78,42.3
275,Company_275,Retail,Europe,7268,212.11,13.94,Partial,45.9,28,No,60,0,60.11052499372017,45.9,28,42.26513124843004
265,Company_265,Manufacturing,North America,104,26.61,-4.99,Yes,25.9,46,No,100,0,12.559658377292138,25.9,46,42.12741459432303
227,Company_227,Healthcare,Asia-Pacific,3482,164.44,-5.77,Partial,86.0,85,No,60,0,10.600351670434566,86.0,85,42.025087917608644
413,Company_413,Technology,Europe,4140,451.18,24.11,Partial,15.6,5,No,60,0,85.65687013313237,15.6,5,41.989217533283096
447,Company_447,Retail,Asia-Pacific,7736,374.7,-8.14,Yes,6.7,78,No,100,0,4.64707359959809,6.7,78,41.74926839989952
445,Company_445,Technology,Europe,4480,200.21,-3.74,Yes,18.8,43,No,100,0,15.699572971615172,18.8,43,41.649893242903794
34,Company_34,Finance,North America,5610,478.85,0.6,Yes,18.5,21,No,100,0,26.601356443104745,18.5,21,41.58783911077619
384,Company_384,Manufacturing,North America,8992,489.42,-5.1,Yes,19.6,48,No,100,0,12.283345892991711,19.6,48,41.520836473247925
55,Company_55,Retail,Europe,310,140.11,29.82,No,78.7,5,No,20,0,100.0,78.7,5,41.4625
19,Company_19,Finance,Europe,9402,491.25,-7.66,Yes,78.7,1,No,100,0,5.852800803818136,78.7,1,41.42570020095454
67,Company_67,Healthcare,North America,2044,29.15,-9.95,Yes,76.8,14,No,100,0,0.10047726701833942,76.8,14,41.375119316754585
173,Company_173,Healthcare,Latin America,8845,238.41,16.16,No,60.3,91,No,20,0,65.68701331323787,60.3,91,41.33425332830947
57,Company_57,Manufacturing,Latin America,9915,26.97,3.34,Partial,82.1,37,No,60,0,33.48404923386084,82.1,37,41.258512308465214
416,Company_416,Technology,Asia-Pacific,5186,435.11,8.47,Partial,76.7,16,No,60,0,46.37025872896257,76.7,16,41.18006468224064
237,Company_237,Finance,North America,9231,299.41,10.34,Partial,67.2,16,No,60,0,51.06757096206982,67.2,16,41.166892740517454
329,Company_329,Healthcare,Europe,5927,168.79,16.3,Partial,35.0,18,No,60,0,66.03868374780205,35.0,18,41.13467093695051
200,Company_200,Manufacturing,North America,4262,79.04,-4.91,Yes,8.8,54,No,100,0,12.760612911328812,8.8,54,41.04015322783221
279,Company_279,Retail,North America,8020,480.59,5.55,Yes,9.9,0,No,100,0,39.03541823662396,9.9,0,40.99635455915599
182,Company_182,Retail,Europe,3526,399.41,6.74,Partial,31.8,68,No,60,0,42.02461693041949,31.8,68,40.98115423260487
316,Company_316,Healthcare,Europe,2729,52.15,-3.94,Yes,30.1,27,No,100,0,15.197186636523488,30.1,27,40.93679665913088
293,Company_293,Finance,Europe,9016,397.51,-1.16,Partial,68.9,70,No,60,0,22.180356694297913,68.9,70,40.90758917357448
498,Company_498,Finance,Latin America,970,131.54,-5.52,Partial,64.1,95,No,60,0,11.228334589299171,64.1,95,40.69458364732479
199,Company_199,Technology,North America,6506,492.25,-4.03,Yes,24.6,31,No,100,0,14.971112785732227,24.6,31,40.69277819643306
386,Company_386,Finance,Latin America,7151,13.67,-0.57,Partial,43.1,91,No,60,0,23.662396382818386,43.1,91,40.678099095704596
431,Company_431,Healthcare,Europe,5369,88.38,26.9,No,79.7,12,No,20,0,92.66515950766139,79.7,12,40.62878987691535
10,Company_10,Technology,Latin America,9554,455.62,8.92,Partial,76.6,9,No,60,0,47.500627982918864,76.6,9,40.575156995729714
186,Company_186,Manufacturing,Latin America,3080,96.8,-2.41,Partial,82.0,59,No,60,0,19.04044209997488,82.0,59,40.38511052499372
318,Company_318,Healthcare,Asia-Pacific,8223,159.51,13.09,Partial,7.8,55,No,60,0,57.9753830695805,7.8,55,40.34384576739513
74,Company_74,Healthcare,Europe,8617,442.04,-9.2,No,16.0,91,Yes,20,100,1.98442602361216,16.0,91,39.87110650590304
494,Company_494,Finance,North America,1821,183.58,8.41,Partial,19.6,62,No,60,0,46.21954282843506,19.6,62,39.75488570710877
127,Company_127,Technology,Asia-Pacific,9496,355.74,2.7,Partial,82.0,27,No,60,0,31.876412961567446,82.0,27,39.59410324039186
149,Company_149,Healthcare,North America,4275,265.88,-2.33,No,59.6,10,Yes,20,100,19.241396634011554,59.6,10,39.51034915850289
17,Company_17,Manufacturing,Asia-Pacific,3567,133.2,0.28,Partial,21.0,99,No,60,0,25.797538306958046,21.0,99,39.44938457673951
305,Company_305,Retail,Europe,4891,318.11,17.41,Partial,17.2,16,No,60,0,68.82692790756091,17.2,16,39.356731976890224
181,Company_181,Finance,Latin America,5782,13.84,-4.65,Partial,77.0,67,No,60,0,13.413715146948002,77.0,67,39.353428786737
334,Company_334,Technology,Europe,8683,296.0,17.52,Partial,29.7,2,No,60,0,69.10324039186133,29.7,2,39.23831009796533
314,Company_314,Finance,North America,5669,291.81,14.48,Partial,22.4,24,No,60,0,61.46696809846771,22.4,24,39.16674202461692
187,Company_187,Technology,Europe,2922,233.74,14.76,Partial,18.9,26,No,60,0,62.17030896759608,18.9,26,39.155077241899015
189,Company_189,Finance,Europe,1904,301.17,23.37,No,73.8,22,No,20,0,83.79804069329315,73.8,22,38.924510173323284
310,Company_310,Technology,Asia-Pacific,854,221.4,3.7,Partial,69.9,28,No,60,0,34.388344637025874,69.9,28,38.834586159256475
266,Company_266,Finance,North America,7693,85.03,8.97,Partial,39.2,32,No,60,0,47.62622456669178,39.2,32,38.80655614167294
396,Company_396,Technology,North America,5810,414.29,-2.87,No,9.4,57,Yes,20,100,17.884953529264003,9.4,57,38.771238382316
400,Company_400,Healthcare,Europe,1689,83.85,19.6,No,18.4,95,No,20,0,74.32805827681489,18.4,95,38.75701456920372
72,Company_72,Technology,Asia-Pacific,285,495.78,-5.21,Yes,20.5,25,No,100,0,12.007033408691283,20.5,25,38.68925835217282
345,Company_345,Healthcare,Asia-Pacific,391,432.79,20.25,Partial,5.9,7,No,60,0,75.96081386586285,5.9,7,38.60270346646571
137,Company_137,Manufacturing,Latin America,4662,194.89,-5.12,No,16.2,60,Yes,20,100,12.23310725948254,16.2,60,38.583276814870636
430,Company_430,Manufacturing,North America,8951,295.6,5.95,Partial,24.3,60,No,60,0,40.04019090680734,24.3,60,38.547547726701836
24,Company_24,Finance,Europe,9161,372.96,7.71,Partial,49.7,25,No,60,0,44.46119065561416,49.7,25,38.45279766390354
126,Company_126,Manufacturing,North America,8719,386.64,23.17,No,33.1,59,No,20,0,83.29565435820146,33.1,59,38.33641358955036
356,Company_356,Retail,Latin America,7693,48.84,-9.92,Partial,81.2,81,No,60,0,0.17583521728209064,81.2,81,38.318958804320516
437,Company_437,Healthcare,North America,8288,424.35,1.03,Partial,47.6,56,No,60,0,27.68148706355187,47.6,56,37.87037176588797
121,Company_121,Healthcare,North America,5617,395.46,9.17,No,76.3,80,No,20,0,48.12861090178347,76.3,80,37.56965272544587
332,Company_332,Healthcare,Asia-Pacific,2101,77.15,22.6,No,44.4,44,No,20,0,81.86385330319015,44.4,44,37.51596332579754
155,Company_155,Retail,Europe,5829,70.01,7.21,Partial,62.4,6,No,60,0,43.205224817884954,62.4,6,37.35130620447124
366,Company_366,Technology,Asia-Pacific,4174,292.16,-5.83,Partial,51.1,82,No,60,0,10.449635769907058,51.1,82,37.249908942476765
338,Company_338,Manufacturing,North America,5525,192.78,23.92,No,50.2,29,No,20,0,85.17960311479527,50.2,29,37.194900778698816
98,Company_98,Healthcare,Latin America,1115,410.87,-3.53,Partial,60.1,61,No,60,0,16.227078623461445,60.1,61,37.194269655865355
429,Company_429,Technology,North America,7169,12.26,-4.75,Partial,86.0,41,No,60,0,13.162521979402161,86.0,41,37.16563049485054
213,Company_213,Retail,Europe,9196,55.88,22.36,No,52.7,34,No,20,0,81.26098970108013,52.7,34,37.152747425270036
256,Company_256,Retail,Latin America,9188,298.67,16.69,No,37.0,77,No,20,0,67.01833710123084,37.0,77,37.00458427530771
341,Company_341,Finance,Latin America,5846,269.09,-9.56,No,35.8,50,Yes,20,100,1.080130620447123,35.8,50,36.99503265511178
174,Company_174,Manufacturing,Latin America,6074,273.9,4.17,Partial,59.8,20,No,60,0,35.56895252449133,59.8,20,36.86723813112283
163,Company_163,Technology,North America,7840,381.25,15.33,No,65.4,54,No,20,0,63.602110022607384,65.4,54,36.82552750565185
441,Company_441,Finance,Asia-Pacific,5963,78.75,4.85,No,77.3,93,No,20,0,37.27706606380306,77.3,93,36.60676651595077
142,Company_142,Technology,Asia-Pacific,6409,129.99,24.06,No,36.3,36,No,20,0,85.53127354935944,36.3,36,36.42031838733986
317,Company_317,Retail,Europe,2156,327.8,-6.25,Partial,55.5,72,No,60,0,9.394624466214518,55.5,72,36.28615611655363
87,Company_87,Finance,Asia-Pacific,9494,170.33,-5.29,Partial,58.9,62,No,60,0,11.80607887465461,58.9,62,36.06401971866366
46,Company_46,Finance,Europe,9815,449.23,0.85,Partial,54.6,35,No,60,0,27.229339361969352,54.6,35,36.007334840492334
343,Company_343,Retail,Asia-Pacific,1672,354.17,20.35,No,22.0,65,No,20,0,76.2120070334087,22.0,65,35.928001758352174
326,Company_326,Finance,Europe,8478,121.16,1.12,Partial,9.0,77,No,60,0,27.907560914343126,9.0,77,35.72689022858578
291,Company_291,Retail,Europe,6200,305.06,11.76,Partial,7.3,25,No,60,0,54.634513941220796,7.3,25,35.6961284853052
436,Company_436,Manufacturing,Asia-Pacific,8094,475.98,-8.55,Partial,74.4,58,No,60,0,3.617181612660134,74.4,58,35.454295403165034
427,Company_427,Finance,Asia-Pacific,5654,275.12,-7.71,Partial,86.7,41,No,60,0,5.727204220045215,86.7,41,35.394301055011304
223,Company_223,Retail,Europe,2763,441.85,-0.92,Partial,14.3,79,No,60,0,22.78322029640794,14.3,79,35.358305074101985
355,Company_355,Healthcare,Latin America,3078,94.11,16.52,No,56.8,44,No,20,0,66.5913087164029,56.8,44,35.247827179100724
362,Company_362,Manufacturing,Europe,1436,344.55,6.09,No,90.0,63,No,20,0,40.39186134137151,90.0,63,35.22296533534288
91,Company_91,Retail,Latin America,4870,351.0,3.85,Partial,20.8,47,No,60,0,34.765134388344634,20.8,47,35.16628359708616
294,Company_294,Manufacturing,Europe,2248,329.23,29.14,No,24.4,12,No,20,0,98.29188646068827,24.4,12,35.12297161517207
131,Company_131,Retail,Latin America,1170,426.95,-5.13,Yes,8.5,8,No,100,0,12.207987942727957,8.5,8,35.11449698568199
39,Company_39,Finance,North America,9383,261.54,3.74,Partial,39.2,27,No,60,0,34.48882190404421,39.2,27,34.89720547601105
376,Company_376,Retail,Asia-Pacific,4200,85.38,-4.04,Partial,46.0,59,No,60,0,14.945993468977644,46.0,59,34.86149836724441
327,Company_327,Retail,Europe,1354,442.44,-2.24,Partial,66.8,28,No,60,0,19.467470484802814,66.8,28,34.716867621200706
472,Company_472,Technology,Latin America,4328,263.63,-2.68,Partial,85.0,12,No,60,0,18.362220547601105,85.0,12,34.71555513690028
220,Company_220,Finance,Europe,6370,470.91,9.82,No,49.8,80,No,20,0,49.761366490831456,49.8,80,34.665341622707864
92,Company_92,Finance,Latin America,2948,98.66,-0.44,Partial,51.9,33,No,60,0,23.988947500627983,51.9,33,34.609736875157
492,Company_492,Technology,Europe,321,325.07,-6.1,Yes,17.2,0,No,100,0,9.771414217533284,17.2,0,34.59285355438332
278,Company_278,Retail,North America,3104,91.23,12.0,Partial,7.8,12,No,60,0,55.23737754333082,7.8,12,34.2843443858327
4,Company_4,Technology,North America,2522,236.32,20.67,No,39.1,33,No,20,0,77.0158251695554,39.1,33,34.26645629238885
360,Company_360,Technology,Europe,3117,201.7,-2.75,Partial,15.7,78,No,60,0,18.186385330319016,15.7,78,34.25909633257975
80,Company_80,Manufacturing,Latin America,2610,432.92,0.28,No,90.0,83,No,20,0,25.797538306958046,90.0,83,34.07438457673951
166,Company_166,Healthcare,Asia-Pacific,3581,163.77,-1.17,Partial,45.2,37,No,60,0,22.15523737754333,45.2,37,33.81380934438583
38,Company_38,Technology,Latin America,6519,112.08,4.68,Partial,28.1,24,No,60,0,36.85003767897513,28.1,24,33.725009419743785
68,Company_68,Healthcare,Latin America,3540,268.64,2.03,Partial,62.4,3,No,60,0,30.193418739010298,62.4,3,33.72335468475258
246,Company_246,Retail,North America,8527,244.78,11.98,No,31.3,80,No,20,0,55.18713890982164,31.3,80,33.70928472745541
417,Company_417,Healthcare,North America,379,190.96,9.24,Partial,13.3,15,No,60,0,48.30444611906556,13.3,15,33.61361152976639
119,Company_119,Finance,North America,1252,93.85,27.31,No,25.6,7,No,20,0,93.69505149459934,25.6,7,33.49876287364984
215,Company_215,Retail,Latin America,1255,14.09,1.17,Partial,45.9,21,No,60,0,28.03315749811605,45.9,21,33.37078937452901
193,Company_193,Manufacturing,North America,5081,116.64,-8.29,Partial,50.8,62,No,60,0,4.2702838482793295,50.8,62,33.16757096206983
100,Company_100,Finance,Asia-Pacific,9560,454.81,12.98,No,69.1,32,No,20,0,57.699070585280076,69.1,32,33.062267646320024
406,Company_406,Technology,North America,9700,49.79,18.01,No,31.5,43,No,20,0,70.33408691283597,31.5,43,32.89602172820899
489,Company_489,Manufacturing,Latin America,9055,260.01,-4.36,Partial,58.6,32,No,60,0,14.142175332830945,58.6,32,32.860543833207736
460,Company_460,Retail,Asia-Pacific,1516,87.33,23.11,No,11.1,37,No,20,0,83.14493845767394,11.1,37,32.798734614418485
433,Company_433,Manufacturing,North America,5437,380.88,-9.46,Partial,62.6,53,No,60,0,1.331323787992965,62.6,53,32.782830946998246
110,Company_110,Retail,Europe,2242,191.46,-4.35,Partial,54.2,35,No,60,0,14.167294649585532,54.2,35,32.69182366239638
234,Company_234,Manufacturing,Asia-Pacific,6754,476.02,22.09,No,6.1,45,No,20,0,80.58276814870635,6.1,45,32.53319203717659
81,Company_81,Technology,Latin America,5465,368.29,21.52,No,13.9,39,No,20,0,79.15096709369504,13.9,39,32.40024177342376
420,Company_420,Manufacturing,Asia-Pacific,4157,167.55,18.24,No,65.0,2,No,20,0,70.9118311981914,65.0,2,32.10295779954785
299,Company_299,Manufacturing,Latin America,1358,235.58,2.8,Partial,41.7,6,No,60,0,32.12760612911328,41.7,6,31.994401532278317
280,Company_280,Retail,Latin America,2193,210.87,-3.45,Partial,42.8,33,No,60,0,16.428033157498113,42.8,33,31.582008289374528
146,Company_146,Manufacturing,North America,2421,472.43,4.59,No,34.1,97,No,20,0,36.62396382818387,34.1,97,31.543490957045968
195,Company_195,Manufacturing,Latin America,7162,327.5,0.63,No,63.6,87,No,20,0,26.6767143933685,63.6,87,31.494178598342124
467,Company_467,Healthcare,Europe,7188,49.37,-2.35,No,71.4,93,No,20,0,19.191158000502387,71.4,93,31.347789500125597
122,Company_122,Manufacturing,Asia-Pacific,7717,91.01,2.55,No,65.3,72,No,20,0,31.49962321024868,65.3,72,31.03740580256217
450,Company_450,Healthcare,Europe,1571,412.08,3.84,No,40.0,89,No,20,0,34.74001507159005,40.0,89,30.810003767897513
273,Company_273,Finance,Europe,3350,204.61,-8.25,Partial,47.0,46,No,60,0,4.370761115297664,47.0,46,30.717690278824417
298,Company_298,Retail,Europe,9156,195.0,-7.85,Partial,24.1,66,No,60,0,5.3755337854810366,24.1,66,30.60638344637026
457,Company_457,Technology,Asia-Pacific,9176,102.59,-4.88,Partial,12.1,61,No,60,0,12.835970861592566,12.1,61,30.346492715398142
51,Company_51,Manufacturing,Asia-Pacific,2076,447.99,-2.39,No,84.1,72,No,20,0,19.090680733484046,84.1,72,30.28517018337101
454,Company_454,Technology,Asia-Pacific,3344,477.56,-0.53,No,56.5,89,No,20,0,23.762873649836724,56.5,89,30.12821841245918
375,Company_375,Finance,Asia-Pacific,1383,367.78,15.46,No,58.4,3,No,20,0,63.928661140416985,58.4,3,29.657165285104245
257,Company_257,Finance,North America,4976,326.9,-9.58,Partial,51.9,38,No,60,0,1.0298919869379557,51.9,38,29.49497299673449
230,Company_230,Manufacturing,Europe,3751,348.13,-8.09,Partial,44.0,36,No,60,0,4.772670183371013,44.0,36,29.193167545842755
444,Company_444,Retail,Europe,440,240.96,0.73,Partial,26.0,9,No,60,0,26.927907560914342,26.0,9,29.106976890228587
71,Company_71,Finance,Europe,1654,447.77,5.3,No,79.4,26,No,20,0,38.40743531775935,79.4,26,28.77685882943984
27,Company_27,Retail,North America,7539,419.72,-9.37,Partial,30.8,52,No,60,0,1.5573976387842277,30.8,52,28.739349409696054
93,Company_93,Retail,Europe,7596,441.41,10.39,No,40.3,39,No,20,0,51.193167545842755,40.3,39,28.71079188646069
244,Company_244,Retail,North America,4574,392.79,4.19,No,77.6,32,No,20,0,35.619191158000504,77.6,32,28.604797789500125
209,Company_209,Manufacturing,Europe,8659,454.37,-4.67,No,69.7,84,No,20,0,13.363476513438835,69.7,84,28.553369128359705
5,Company_5,Technology,Europe,2789,152.02,-4.01,Partial,29.9,21,No,60,0,15.021351419241396,29.9,21,28.11783785481035
231,Company_231,Healthcare,North America,8583,411.61,-8.48,No,83.1,86,No,20,0,3.793016829942225,83.1,86,28.085754207485557
64,Company_64,Healthcare,Europe,1392,130.06,6.38,No,8.6,84,No,20,0,41.12032152725446,8.6,84,27.855080381813615
145,Company_145,Manufacturing,Europe,3769,236.93,14.1,No,33.2,17,No,20,0,60.51243406179352,33.2,17,27.40310851544838
394,Company_394,Finance,Asia-Pacific,2393,302.3,15.5,No,34.3,7,No,20,0,64.02913840743531,34.3,7,27.16978460185883
6,Company_6,Healthcare,North America,5451,427.15,6.96,No,17.9,66,No,20,0,42.57724189902034,17.9,66,27.13181047475509
262,Company_262,Retail,Asia-Pacific,1531,373.42,9.13,No,48.7,23,No,20,0,48.02813363476513,48.7,23,26.969533408691284
13,Company_13,Technology,North America,1655,198.86,2.49,No,7.9,95,No,20,0,31.348907309721174,7.9,95,26.699726827430293
180,Company_180,Finance,North America,1842,267.53,-0.06,No,81.2,34,No,20,0,24.943481537302183,81.2,34,26.635870384325546
456,Company_456,Healthcare,Asia-Pacific,2469,193.14,11.93,No,35.2,17,No,20,0,55.06154232604873,35.2,17,26.290385581512183
65,Company_65,Healthcare,Asia-Pacific,2882,7.52,6.91,No,53.0,24,No,20,0,42.45164531524742,53.0,24,26.237911328811855
54,Company_54,Technology,Asia-Pacific,59,198.63,4.52,No,53.0,31,No,20,0,36.44812861090178,53.0,31,25.612032152725448
272,Company_272,Finance,North America,3360,45.36,-3.73,No,86.2,39,No,20,0,15.724692288369754,86.2,39,25.58117307209244
296,Company_296,Technology,Asia-Pacific,3745,145.51,12.31,No,17.6,25,No,20,0,56.016076362722934,17.6,25,25.329019090680735
380,Company_380,Technology,Latin America,6262,121.11,-1.61,No,16.0,90,No,20,0,21.049987440341624,16.0,90,24.512496860085406
350,Company_350,Technology,Europe,8851,65.87,5.42,No,31.4,35,No,20,0,38.70886711881437,31.4,35,23.977216779703593
435,Company_435,Manufacturing,North America,8730,273.47,-8.22,Partial,31.9,7,No,60,0,4.446119065561415,31.9,7,23.974029766390355
167,Company_167,Manufacturing,Latin America,7197,363.59,-3.05,Partial,10.1,0,No,60,0,17.432805827681484,10.1,0,23.62070145692037
496,Company_496,Finance,Europe,4411,386.12,1.62,No,10.8,69,No,20,0,29.16352675207234,10.8,69,23.265881688018084
475,Company_475,Retail,North America,7744,400.89,6.72,No,43.3,6,No,20,0,41.974378296910324,43.3,6,22.65609457422758
59,Company_59,Manufacturing,Europe,7091,22.53,-6.45,No,40.9,73,No,20,0,8.892238131122832,40.9,73,22.460559532780707
434,Company_434,Retail,Latin America,4043,252.72,1.31,No,58.1,15,No,20,0,28.384827932680228,58.1,15,22.233706983170055
388,Company_388,Healthcare,Asia-Pacific,6172,416.28,-7.5,No,20.3,97,No,20,0,6.254709871891485,20.3,97,22.22617746797287
85,Company_85,Finance,Latin America,8057,82.88,-3.63,No,45.5,51,No,20,0,15.975885455915598,45.5,51,22.0564713639789
476,Company_476,Technology,Latin America,6690,96.37,-6.45,No,88.1,21,No,20,0,8.892238131122832,88.1,21,21.860559532780705
79,Company_79,Manufacturing,Asia-Pacific,9812,274.17,-6.28,No,58.9,49,No,20,0,9.319266515950765,58.9,49,21.81731662898769
124,Company_124,Retail,Latin America,5838,473.91,-4.43,No,7.7,88,No,20,0,13.966340115548858,7.7,88,21.454085028887214
53,Company_53,Manufacturing,Asia-Pacific,9143,231.43,5.14,No,16.0,31,No,20,0,38.00552624968601,16.0,31,21.3763815624215
44,Company_44,Healthcare,Europe,2098,248.14,-7.2,No,55.4,48,No,20,0,7.008289374529013,55.4,48,20.677072343632254
77,Company_77,Finance,North America,2685,287.8,-0.25,No,27.9,40,No,20,0,24.46621451896508,27.9,40,20.604053629741273
111,Company_111,Finance,Latin America,1298,9.49,-1.52,No,12.3,58,No,20,0,21.27606129113288,12.3,58,20.106515322783217
453,Company_453,Technology,Europe,6787,40.28,-6.54,No,79.6,11,No,20,0,8.666164280331575,79.6,11,19.491541070082892
373,Company_373,Healthcare,Asia-Pacific,8428,76.05,-9.08,No,49.0,54,No,20,0,2.2858578246671692,49.0,54,19.446464456166794
115,Company_115,Finance,Latin America,4068,14.12,-3.85,No,71.5,2,No,20,0,15.423260487314746,71.5,2,19.043315121828687
306,Company_306,Manufacturing,Asia-Pacific,1459,189.56,-6.33,No,41.6,42,No,20,0,9.193669932177844,41.6,42,18.74841748304446
392,Company_392,Technology,North America,1574,398.78,1.98,No,15.6,24,No,20,0,30.06782215523738,15.6,24,18.466955538809344
264,Company_264,Finance,Asia-Pacific,3501,219.66,2.89,No,26.6,8,No,20,0,32.35367997990455,26.6,8,18.413419994976138
191,Company_191,Healthcare,Latin America,4712,127.53,-2.05,No,33.7,20,No,20,0,19.944737503139915,33.7,20,17.69868437578498
86,Company_86,Finance,North America,9114,84.4,-7.48,No,14.4,46,No,20,0,6.304948505400652,14.4,46,15.126237126350162
367,Company_367,Manufacturing,Latin America,8390,130.84,-0.98,No,17.7,2,No,20,0,22.632504395880428,17.7,2,14.120626098970108
7,Company_7,Retail,Asia-Pacific,1811,359.2,-3.88,No,27.6,5,No,20,0,15.347902537050992,27.6,5,13.911975634262749
